FE model,accuracies_standard,accuracies_std_standard,ind_accuracies_standard,ind_accuracies_std_standard,accuracies_single,accuracies_std_single,ind_accuracies_single,ind_accuracies_std_single,accuracies_body,accuracies_std_body,ind_accuracies_body,ind_accuracies_std_body,generalization_standard,generalization_std_standard,generalization_ind_standard,generalization_ind_std_standard
BEiT-Base,0.7650246305418719,0.05574476475066901,0.7111884236453202,0.03605013492644251,0.6773706896551724,0.03842617391342003,0.6773706896551724,0.03842617391342003,0.6648399014778326,0.05230116648392385,0.6648399014778326,0.05230116648392385,0.1330049261083744,0.12232495835054727,0.08313423645320195,0.08855642769667357
BEiT-Large,0.767826354679803,0.06121142633474449,0.718713054187192,0.04768915505670111,0.6569889162561576,0.02590142223455539,0.6569889162561576,0.02590142223455539,0.6576354679802956,0.05577964707128333,0.6576354679802956,0.05577964707128333,0.15172413793103448,0.10144457284116509,0.10097906403940886,0.07687248421616104
BEiT-Large-inter,0.7660406403940887,0.051910994367056436,0.7296490147783252,0.03704350026654309,0.7171798029556651,0.049544711503475135,0.7171798029556651,0.049544711503475135,0.7319273399014777,0.04469846417894377,0.7319273399014777,0.04469846417894377,0.13362068965517243,0.07626499380775546,0.09553571428571431,0.06584452490938485
DeiT-Base,0.6976600985221675,0.02015485425800377,0.6510591133004926,0.018926608254951537,0.6663177339901478,0.06930606783047745,0.6663177339901478,0.06930606783047745,0.6601908866995073,0.06053805177446432,0.6601908866995073,0.06053805177446432,0.07361453201970443,0.09952203437898068,0.05091133004926109,0.059181615902666816
DeiT-Small,0.7303571428571429,0.05193789399310982,0.6735283251231527,0.03939143366324417,0.6701046798029557,0.06855985133896057,0.6701046798029557,0.06855985133896057,0.6692118226600985,0.05520985545610579,0.6692118226600985,0.05520985545610579,0.09131773399014778,0.08747117873267732,0.05211822660098524,0.05247531887907498
DeiT-Small-Dist,0.7133004926108375,0.04962378023589973,0.6681650246305418,0.04352700934313375,0.6460283251231528,0.0546699640689914,0.6460283251231528,0.0546699640689914,0.6617610837438423,0.04803452986757163,0.6617610837438423,0.04803452986757163,0.07817118226600986,0.09351023316543428,0.04645935960591134,0.06149863167477305
DeiT-Tiny,0.6840825123152708,0.06054312479163542,0.6473152709359606,0.04575025524553569,0.6485837438423646,0.05573871081986309,0.6485837438423646,0.05573871081986309,0.6558805418719211,0.034912774961045404,0.6558805418719211,0.034912774961045404,0.10089285714285712,0.0804525826133126,0.061052955665024666,0.05608000201425724
DeiT-Tiny-inter,0.6904248768472906,0.051063145828108746,0.6625800492610837,0.04562158042913197,0.6282943349753695,0.045890922152075686,0.6282943349753695,0.045890922152075686,0.6479371921182266,0.03475717962385451,0.6479371921182266,0.03475717962385451,0.09381157635467981,0.0819435943541036,0.07006157635467979,0.06758943262168203
alexnet,0.6283559113300492,0.04766869974002853,0.5864100985221675,0.031050667377487212,0.5948583743842365,0.028977694468947383,0.5948583743842365,0.028977694468947383,0.554679802955665,0.03925805309674292,0.554679802955665,0.03925805309674292,0.013146551724137928,0.08162601965995546,0.004476600985221682,0.05887593810245821
alexnet_gap,0.6636699507389163,0.0755316510004016,0.624642857142857,0.047010179938864756,0.5908866995073891,0.06295768983268372,0.5908866995073891,0.06295768983268372,0.6313423645320196,0.041169031596110885,0.6313423645320196,0.041169031596110885,0.0937807881773399,0.07725761699267666,0.04160714285714286,0.05674706968574161
clip-vit-base-patch16,0.7303879310344827,0.045668332911260684,0.6775307881773399,0.04588399947171347,0.6390394088669951,0.07975364608846047,0.6390394088669951,0.07975364608846047,0.6529864532019705,0.04334062342623254,0.6529864532019705,0.04334062342623254,0.18232758620689654,0.1108818842194369,0.14595443349753695,0.07840043350752765
clip-vit-base-patch32,0.6895012315270936,0.04103089234154871,0.6563608374384237,0.035621993562350095,0.6241687192118227,0.06157820963954778,0.6241687192118227,0.06157820963954778,0.6326662561576355,0.03607119784331182,0.6326662561576355,0.03607119784331182,0.1804802955665025,0.09176734281517371,0.1335899014778325,0.060296387452052326
clip-vit-large-patch14,0.7233066502463055,0.03324668425849102,0.6926046798029557,0.03741359700312147,0.6668411330049261,0.03716388076348995,0.6668411330049261,0.03716388076348995,0.6497229064039409,0.05783213893529656,0.6497229064039409,0.05783213893529656,0.19408866995073892,0.09466442844317502,0.14858990147783252,0.09458611116148281
clip-vit-large-patch14-inter,0.7740147783251232,0.05147061372535473,0.7400615763546797,0.03395077188442772,0.7350985221674877,0.050085504373095904,0.7350985221674877,0.050085504373095904,0.7234298029556652,0.04640464726081656,0.7234298029556652,0.04640464726081656,0.09214901477832513,0.09583688038136094,0.06542487684729062,0.07019367240842768
clip-vit-large-patch14-un,0.7410098522167488,0.044030064662575606,0.6859790640394089,0.045204401439438664,0.6495073891625615,0.049691240736723506,0.6495073891625615,0.049691240736723506,0.6489839901477832,0.047509749121174484,0.6489839901477832,0.047509749121174484,0.14972290640394087,0.07261057921622613,0.11206280788177343,0.05333256690158799
convnext_base,0.7244150246305419,0.0764348917726742,0.6902032019704434,0.05395861475384625,0.692179802955665,0.05018601346236355,0.692179802955665,0.05018601346236355,0.6965209359605912,0.06517865868834487,0.6965209359605912,0.06517865868834487,0.12487684729064039,0.10628346382535217,0.0879125615763547,0.07949430859544704
convnext_large,0.7348830049261084,0.06186301041511725,0.6986145320197045,0.04190323418050317,0.6770935960591132,0.06279487091162686,0.6770935960591132,0.06279487091162686,0.6894088669950739,0.062038872552913786,0.6894088669950739,0.062038872552913786,0.10018472906403944,0.11105856772909944,0.06967980295566505,0.08361165313158647
convnext_large-inter,0.7278017241379311,0.052980620838088834,0.7001169950738916,0.04335344855573072,0.6841748768472906,0.0569008165931898,0.6841748768472906,0.0569008165931898,0.6779556650246306,0.04273971263909732,0.6779556650246306,0.04273971263909732,0.12835591133004925,0.08190615221145864,0.09455049261083745,0.07018816246419836
convnext_small,0.7188115763546798,0.0490912732824029,0.6903386699507388,0.04406524966534412,0.6673337438423644,0.049462958044951426,0.6673337438423644,0.049462958044951426,0.6850985221674877,0.03807410960002921,0.6850985221674877,0.03807410960002921,0.14510467980295566,0.11021088558663739,0.11282635467980295,0.0913901251932145
crnn_mobilenet,0.6007389162561576,0.047680301467694,0.5870689655172414,0.028292415255661924,0.5736145320197046,0.03751623737457062,0.5736145320197046,0.03751623737457062,0.5830972906403942,0.028665909505820143,0.5830972906403942,0.028665909505820143,0.03879310344827588,0.09454727939738539,0.029242610837438433,0.06630979748376432
crnn_mobilenet_224,0.6442426108374384,0.05948977797470198,0.6261576354679803,0.046504286174290026,0.6060036945812808,0.05092573939440258,0.6060036945812808,0.05092573939440258,0.5787869458128079,0.057710292901947784,0.5787869458128079,0.057710292901947784,0.10726600985221676,0.0884365085255258,0.07261083743842364,0.07271878526687515
crnn_mobilenet_224-inter,0.6707512315270936,0.05613119597333359,0.6461761083743843,0.05130656605744676,0.6528940886699508,0.06546832084111187,0.6528940886699508,0.06546832084111187,0.6407019704433498,0.04395792734365246,0.6407019704433498,0.04395792734365246,0.04753694581280789,0.061648848951609866,0.05398399014778323,0.050407898946873406
crnn_vgg16_bn,0.6080357142857143,0.07121731355689334,0.5791194581280787,0.04331347887850743,0.5648706896551724,0.06517574996627343,0.5648706896551724,0.06517574996627343,0.5470135467980295,0.05204769380904739,0.5470135467980295,0.05204769380904739,0.07164408866995073,0.08134683347285006,0.04233374384236453,0.0566224347425654
crnn_vgg16_bn_224,0.6795258620689655,0.0932586495482307,0.6419581280788177,0.07581607367884723,0.6352524630541871,0.07988722825086537,0.6352524630541871,0.07988722825086537,0.6191810344827586,0.06455473227059715,0.6191810344827586,0.06455473227059715,0.15384852216748768,0.09706810206166278,0.1059113300492611,0.08033415578203315
crnn_vgg16_bn_224-inter,0.7044950738916256,0.06853420613472604,0.6811699507389163,0.060752329980412835,0.6519088669950739,0.06265862323796938,0.6519088669950739,0.06265862323796938,0.6592364532019703,0.06592032772865024,0.6592364532019703,0.06592032772865024,0.14079433497536942,0.07862634431982551,0.1023029556650246,0.07436802603679867
db_mobilenet,0.6647167487684729,0.05624773339174305,0.6438977832512316,0.0434276551947382,0.6469519704433497,0.04275701962125264,0.6469519704433497,0.04275701962125264,0.5756465517241379,0.06781847200112912,0.5756465517241379,0.06781847200112912,0.11225369458128079,0.09804806262062962,0.08333128078817734,0.06865261833046027
densenet121,0.6770012315270937,0.06948168604660898,0.6395135467980296,0.04657420751720333,0.6250000000000001,0.05852491581221423,0.6250000000000001,0.05852491581221423,0.6431958128078819,0.05040363157469791,0.6431958128078819,0.05040363157469791,0.12903325123152712,0.09998973832756355,0.0862192118226601,0.07827790909753955
densenet161,0.6781096059113301,0.07075123822600043,0.6362807881773398,0.044349911961192964,0.6274630541871922,0.06100628978265444,0.6274630541871922,0.06100628978265444,0.6227524630541872,0.0699638619589473,0.6227524630541872,0.0699638619589473,0.05769704433497534,0.115473496160013,0.049464285714285704,0.0865719511577288
densenet201,0.6898399014778326,0.057987829940588966,0.6456773399014778,0.03780294531403317,0.629371921182266,0.03622155462145208,0.629371921182266,0.03622155462145208,0.6342672413793103,0.05057860370810195,0.6342672413793103,0.05057860370810195,0.08703817733990146,0.08519156543869644,0.051028325123152696,0.05035210046652432
dresnet50,0.7151477832512315,0.05070950203168809,0.6633559113300492,0.04522972880631648,0.6502155172413794,0.06579548754093513,0.6502155172413794,0.06579548754093513,0.6847906403940887,0.05503231464619683,0.6847906403940887,0.05503231464619683,0.19137931034482758,0.07765474140936335,0.13725985221674877,0.06133471645989967
dresnet50-inter,0.7090517241379312,0.04969101182377227,0.6839470443349753,0.047230212460588075,0.6520935960591132,0.06040119389210726,0.6520935960591132,0.06040119389210726,0.699076354679803,0.0703811538616609,0.699076354679803,0.0703811538616609,0.15972906403940884,0.08994414939794552,0.12365763546798032,0.06823860287279916
efficientnet_v2_l,0.7063115763546799,0.04290339969079406,0.6713608374384237,0.039949697286628,0.6370689655172413,0.05072333295299482,0.6370689655172413,0.05072333295299482,0.6656096059113301,0.058877018091103704,0.6656096059113301,0.058877018091103704,0.0791564039408867,0.08127320156973422,0.060634236453201984,0.05775380565128323
efficientnet_v2_s,0.7278940886699508,0.06160110340089077,0.6896798029556651,0.05232053539142465,0.6905788177339901,0.06808657671453967,0.6905788177339901,0.06808657671453967,0.6555726600985221,0.04964044390518076,0.6555726600985221,0.04964044390518076,0.11416256157635465,0.11492932571367702,0.07067733990147786,0.06968876457946574
googlenet,0.6635467980295567,0.0789843432257254,0.6257081280788177,0.05664144589226289,0.6057881773399015,0.06366310193653169,0.6057881773399015,0.06366310193653169,0.6095135467980296,0.05613522348183775,0.6095135467980296,0.05613522348183775,0.08285098522167489,0.09630303181846726,0.047869458128078815,0.07644395404715955
inception_net,0.6788793103448276,0.0506317169493735,0.6290270935960592,0.04389777590940156,0.6062807881773399,0.0475223869969567,0.6062807881773399,0.0475223869969567,0.617456896551724,0.05399797804507491,0.617456896551724,0.05399797804507491,0.09769088669950737,0.11378791782135501,0.05550492610837439,0.07491243867459146
linknet_resnet18,0.7168103448275862,0.06433076012714857,0.684365763546798,0.04575786480034771,0.6884852216748769,0.053955048807815195,0.6884852216748769,0.053955048807815195,0.6770628078817735,0.056301711153786696,0.6770628078817735,0.056301711153786696,0.16622536945812807,0.10132977591648139,0.13793103448275865,0.07927644190160478
linknet_resnet50,0.693103448275862,0.0512611225619025,0.6641071428571428,0.049211786062526776,0.656588669950739,0.05938116010976017,0.656588669950739,0.05938116010976017,0.6643472906403942,0.07413506696266409,0.6643472906403942,0.07413506696266409,0.17438423645320195,0.1056018505099656,0.1477955665024631,0.08826207761367273
linknet_resnet50_224,0.6663485221674876,0.056513886339836554,0.6124568965517241,0.05162923097100497,0.5946428571428571,0.05076263703733009,0.5946428571428571,0.05076263703733009,0.6208435960591132,0.0498491397375176,0.6208435960591132,0.0498491397375176,0.13617610837438424,0.10053691095754987,0.08369458128078819,0.08047396242244827
maxvit,0.683435960591133,0.06878147725574446,0.6469519704433497,0.05193558885680118,0.6397783251231528,0.04861744696240413,0.6397783251231528,0.04861744696240413,0.6184729064039409,0.045089030809741186,0.6184729064039409,0.045089030809741186,0.13922413793103447,0.09789554033975938,0.09238916256157635,0.061362221268743126
mobilenet_v3_large,0.708743842364532,0.0740615349474418,0.6648275862068964,0.055492218638675816,0.644027093596059,0.0606372038893848,0.644027093596059,0.0606372038893848,0.65935960591133,0.06180916579906994,0.65935960591133,0.06180916579906994,0.10615763546798032,0.07801444682224037,0.0654002463054187,0.05071277656274027
mobilenet_v3_small,0.6803879310344827,0.06585812792636454,0.6473645320197045,0.05289196535419473,0.6361453201970444,0.055333610071132085,0.6361453201970444,0.055333610071132085,0.6193657635467981,0.05475607012224406,0.6193657635467981,0.05475607012224406,0.07136699507389163,0.08318094925147856,0.05619458128078817,0.06166868816232997
regnet_x_32,0.7092364532019705,0.06211848784825308,0.6599630541871921,0.04735159057155465,0.6470443349753694,0.04928228453882708,0.6470443349753694,0.04928228453882708,0.6788485221674876,0.051127743154602376,0.6788485221674876,0.051127743154602376,0.14796798029556651,0.09048709745721567,0.07579433497536944,0.07313001873753226
regnet_x_3_2,0.6707204433497538,0.05781954947254841,0.6239285714285714,0.040948046223290305,0.6132389162561577,0.061411540514425884,0.6132389162561577,0.061411540514425884,0.6239532019704432,0.04902715391950435,0.6239532019704432,0.04902715391950435,0.05477216748768472,0.07729524450231223,0.04022167487684728,0.0557979417068511
regnet_y_128,0.6835283251231526,0.0498345336082077,0.6314593596059115,0.03235509561411913,0.648152709359606,0.041021777434469275,0.648152709359606,0.041021777434469275,0.6469519704433497,0.05004287462950351,0.6469519704433497,0.05004287462950351,0.1729987684729064,0.08466770600061417,0.11745689655172417,0.0545612630654518
regnet_y_32,0.6915332512315271,0.05698016648598448,0.65246921182266,0.046400154717916475,0.6505541871921182,0.027133102075266737,0.6505541871921182,0.027133102075266737,0.6715517241379311,0.04085228015907366,0.6715517241379311,0.04085228015907366,0.09217980295566504,0.09216133231203882,0.06043719211822661,0.06450693627264341
regnet_y_3_2,0.6930418719211823,0.05852734527027461,0.644070197044335,0.05115350587592967,0.5980603448275861,0.06444300898118849,0.5980603448275861,0.06444300898118849,0.6502155172413795,0.0494957560683607,0.6502155172413795,0.0494957560683607,0.13075738916256158,0.11777116116512377,0.09663177339901477,0.08058037406767729
resnet101,0.6825738916256158,0.05955678266842634,0.6501785714285714,0.04792830246834988,0.6237992610837437,0.057718669223482615,0.6237992610837437,0.057718669223482615,0.6680418719211823,0.05544638745554542,0.6680418719211823,0.05544638745554542,0.0919642857142857,0.09133213561785222,0.04974137931034484,0.06513720033796869
resnet18,0.6398399014778324,0.07049535288976942,0.5968965517241378,0.05189929876929733,0.5860221674876847,0.06416779121677134,0.5860221674876847,0.06416779121677134,0.5831588669950738,0.057397032497554665,0.5831588669950738,0.057397032497554665,0.11773399014778327,0.08139793207964016,0.06233990147783253,0.061547956505762134
resnet34,0.6654556650246305,0.06288031296361599,0.6104002463054188,0.047224989146693944,0.6071428571428572,0.03611966301809926,0.6071428571428572,0.03611966301809926,0.6325738916256158,0.045135131955281134,0.6325738916256158,0.045135131955281134,0.07675492610837438,0.08927770369194965,0.040517241379310356,0.052934051609494666
resnet34_layer1,0.6649322660098522,0.05366601870867082,0.6491133004926108,0.04833573778816277,0.6258620689655172,0.0578520912259883,0.6258620689655172,0.0578520912259883,0.6097290640394089,0.03304080699799926,0.6097290640394089,0.03304080699799926,0.01588669950738918,0.06459873210948212,0.011206896551724155,0.05656333019711355
resnet34_layer2,0.7017857142857142,0.06252550500004142,0.6712007389162562,0.057838844328314286,0.6485221674876847,0.05284621809430941,0.6485221674876847,0.05284621809430941,0.6505233990147784,0.03351118792858246,0.6505233990147784,0.03351118792858246,0.15584975369458126,0.083836585670555,0.1250985221674877,0.08155620787426579
resnet34_layer3,0.6849753694581281,0.0715252233806713,0.6587684729064038,0.048378517889964695,0.6449815270935961,0.061755964958865955,0.6449815270935961,0.061755964958865955,0.6267241379310344,0.042375136503562456,0.6267241379310344,0.042375136503562456,0.11222290640394088,0.08040888218828254,0.08511083743842365,0.06013630025784744
resnet50,0.6886083743842365,0.05622383154555149,0.6432881773399015,0.03978172788142284,0.6167487684729065,0.05136143503786169,0.6167487684729065,0.05136143503786169,0.637807881773399,0.04686891021860823,0.637807881773399,0.04686891021860823,0.11699507389162563,0.09994849616432679,0.07455665024630538,0.07710399644981816
sar_resnet31,0.642487684729064,0.06335288271122377,0.5993349753694581,0.033465939259042794,0.5956896551724139,0.053809913083921204,0.5956896551724139,0.053809913083921204,0.5467672413793103,0.04121856284655887,0.5467672413793103,0.04121856284655887,0.0104987684729064,0.07773011201866199,0.021724137931034476,0.044127428817401095
sar_resnet31_224,0.647814039408867,0.07532923285252878,0.6258435960591132,0.056769452180538534,0.6201046798029558,0.059099099343549344,0.6201046798029558,0.059099099343549344,0.6023706896551724,0.05429872820426324,0.6023706896551724,0.05429872820426324,0.13617610837438426,0.0961008015119479,0.1044150246305419,0.0730154983914427
swin_b,0.7233374384236454,0.058294988980622645,0.6906588669950738,0.04670511948010831,0.6761083743842364,0.07710148942892733,0.6761083743842364,0.07710148942892733,0.6895320197044336,0.02379756827122829,0.6895320197044336,0.02379756827122829,0.06828817733990149,0.07903773080237071,0.04743226600985221,0.06466703239804343
swin_s,0.7295258620689655,0.06225157043488428,0.6873768472906404,0.044620573681008587,0.6877155172413794,0.05533211110131172,0.6877155172413794,0.05533211110131172,0.6619150246305419,0.057710949912280256,0.6619150246305419,0.057710949912280256,0.12127463054187193,0.11564401303638128,0.07214285714285715,0.08409486703798819
trocr-base-handwritten,0.6645628078817734,0.0654635498566679,0.648743842364532,0.05090353931444328,0.6408866995073892,0.06582886716508639,0.6408866995073892,0.06582886716508639,0.6505849753694581,0.046501860087959666,0.6505849753694581,0.046501860087959666,0.05024630541871922,0.08869462061030342,0.04011083743842364,0.05616372660553657
trocr-base-stage1,0.7100369458128079,0.03691855521598983,0.6785837438423645,0.043616777938333046,0.6622229064039409,0.06376103675340954,0.6622229064039409,0.06376103675340954,0.6176416256157635,0.07303153604881953,0.6176416256157635,0.07303153604881953,0.10982142857142856,0.10802189425691981,0.08103448275862069,0.0792342845055262
trocr-large-handwritten,0.7116995073891627,0.048113203970143785,0.6635098522167487,0.047219029319126936,0.6176108374384237,0.06484022310091966,0.6176108374384237,0.06484022310091966,0.6433805418719213,0.04944010918953414,0.6433805418719213,0.04944010918953414,0.08220443349753695,0.08088013753435996,0.058423645320197046,0.05231969183866198
trocr-large-handwritten-inter,0.7525554187192117,0.052081193789116915,0.6938362068965518,0.04200236355624179,0.6690886699507389,0.04821880739292682,0.6690886699507389,0.04821880739292682,0.6716440886699507,0.047755877223884184,0.6716440886699507,0.047755877223884184,0.12866379310344828,0.07710517149559735,0.07931034482758617,0.06287917329393308
trocr-large-stage1,0.72496921182266,0.06478757993835492,0.689100985221675,0.056320704334698574,0.6815886699507389,0.04477850124879331,0.6815886699507389,0.04477850124879331,0.6265086206896552,0.050501893370589725,0.6265086206896552,0.050501893370589725,0.1506465517241379,0.10597669448065998,0.1271428571428571,0.09058026524815127
trocr-large-stage1-inter,0.7341440886699507,0.07082006950344862,0.6943103448275862,0.04949048494581857,0.6814963054187191,0.04816067150039111,0.6814963054187191,0.04816067150039111,0.6521551724137931,0.08161373813234667,0.6521551724137931,0.08161373813234667,0.10914408866995073,0.12060525270169607,0.07002463054187191,0.08447550019803765
trocr-small-handwritten,0.6205665024630542,0.0547391281599774,0.5788608374384236,0.035101806626203776,0.5278633004926109,0.04339849974602555,0.5278633004926109,0.04339849974602555,0.6038485221674877,0.04105348026598444,0.6038485221674877,0.04105348026598444,0.023891625615763558,0.08312388239727228,0.02514162561576354,0.053363978537318224
trocr-small-stage1,0.6321120689655173,0.06035557892813832,0.6076169950738917,0.03845312010914424,0.5995689655172415,0.05608169396402226,0.5995689655172415,0.05608169396402226,0.6104987684729063,0.056703506568164454,0.6104987684729063,0.056703506568164454,0.024907635467980305,0.10655137878454994,0.020443349753694585,0.06515163602452799
vgg11,0.6707820197044334,0.06234891740696057,0.6390086206896551,0.06076902558611597,0.6198891625615763,0.09854287036175516,0.6198891625615763,0.09854287036175516,0.6574507389162562,0.04309381489816291,0.6574507389162562,0.04309381489816291,0.1131773399014778,0.08348050634983975,0.07644704433497537,0.05557477855765935
vgg16,0.6424261083743843,0.06087939933239814,0.5994211822660098,0.03792057905610618,0.5752770935960592,0.04378512905184286,0.5752770935960592,0.04378512905184286,0.6245997536945812,0.05832845183437193,0.6245997536945812,0.05832845183437193,0.08565270935960588,0.09345779504271129,0.04982758620689656,0.055927974888352903
vgg16_512,0.6689655172413793,0.07445174610768603,0.6342118226600986,0.05033761504445948,0.625646551724138,0.06648228375880896,0.625646551724138,0.06648228375880896,0.6262931034482758,0.060211127900705014,0.6262931034482758,0.060211127900705014,0.10166256157635471,0.07382460527922553,0.0697229064039409,0.059357143764218065
vit-base-patch16-224,0.7218288177339902,0.04558714458885741,0.6607635467980295,0.035631750222478595,0.6356527093596058,0.052097962993429434,0.6356527093596058,0.052097962993429434,0.6487684729064039,0.02809184567267841,0.6487684729064039,0.02809184567267841,0.10043103448275863,0.06837967547242803,0.07470443349753694,0.049939378790984756
vit-base-patch16-224-in21k,0.7126847290640393,0.04041534381609606,0.667487684729064,0.04283138983337294,0.6276169950738917,0.054225532576276825,0.6276169950738917,0.054225532576276825,0.6719211822660098,0.0497497696959437,0.6719211822660098,0.0497497696959437,0.11788793103448274,0.08218043943290416,0.08674261083743842,0.06093704171448758
vit-base-patch32-224-in21k,0.6983990147783252,0.028604917629270497,0.6717118226600985,0.030933440564424083,0.6530788177339901,0.0500380915472696,0.6530788177339901,0.0500380915472696,0.6469827586206895,0.05230950290811337,0.6469827586206895,0.05230950290811337,0.1131773399014778,0.08501052317763652,0.07926108374384237,0.0742172566306562
vit-huge-patch14-224-in21k,0.7061576354679804,0.059311200190630915,0.6857512315270936,0.042826159458851806,0.6610221674876847,0.04429390544367285,0.6610221674876847,0.04429390544367285,0.6557573891625615,0.06037913251565043,0.6557573891625615,0.06037913251565043,0.10862068965517238,0.08787560691822877,0.07839901477832513,0.06416836911020403
vit-large-patch16-224-in21k,0.6967980295566503,0.04604346959118595,0.6673706896551723,0.02676158884654092,0.6683805418719213,0.06106196011591506,0.6683805418719213,0.06106196011591506,0.644334975369458,0.05022981443618014,0.644334975369458,0.05022981443618014,0.06807266009852217,0.10798647181146188,0.06032019704433498,0.07100961727362634
vitstr_base,0.5999999999999999,0.0603240577003972,0.570006157635468,0.04143642560475031,0.5488916256157635,0.03542909960112499,0.5488916256157635,0.03542909960112499,0.5362376847290641,0.036905779316138226,0.5362376847290641,0.036905779316138226,0.02450738916256157,0.09142079442888046,0.016773399014778347,0.052100286053325194
vitstr_base_224,0.5485529556650246,0.03950497488492548,0.5551416256157635,0.0371972585794621,0.5733066502463053,0.0668068615581947,0.5733066502463053,0.0668068615581947,0.5592056650246305,0.03003987490186957,0.5592056650246305,0.03003987490186957,0.019242610837438435,0.09344135739539794,0.011249999999999993,0.05803553984633594
vitstr_small,0.6539100985221675,0.046465561714076405,0.6126539408866994,0.03699499241150596,0.5867302955665025,0.022302650501267497,0.5867302955665025,0.022302650501267497,0.5618226600985221,0.04704425437797754,0.5618226600985221,0.04704425437797754,0.05945197044334973,0.06988264520077377,0.04317118226600984,0.056566446841609164
vitstr_small_224,0.5591133004926108,0.03488288264275369,0.55560960591133,0.02777707175562325,0.5758004926108375,0.057764200367000015,0.5758004926108375,0.057764200367000015,0.5555110837438424,0.034438210690532885,0.5555110837438424,0.034438210690532885,0.03907019704433497,0.08713097159983849,0.01794334975369459,0.05451468573655296
